"1","Libro 1","2","Libro 2"
"2","Libro 2","3","Libro 3"
"3","Libro 3","1","Libro 1"
"1","Libro 1","3","Libro 3"
"5","Libro 5","9","Libro 6"
"9","Libro 6","10","Libro 8"
"10","Libro 8","5","Libro 5"
"9","Libro 6","9","Libro 6"
"4","Libro 4","8","Libro 7"
"8","Libro 7","4","Libro 4"
"9","Libro 6","8","Libro 7"
"10","Libro 8","8","Libro 7"
"3","Libro 3","9","Libro 6"
"2","Libro 2","4","Libro 4"
"1","Libro 1","5","Libro 5"
"4","Libro 4","3","Libro 3"
"8","Libro 7","3","Libro 3"
"9","Libro 6","2","Libro 2"
